bger_source,category,query,language,faits_chars
6B_940/2025,sexual,"""contrainte sexuelle""",fr,4447
6B_233/2008,sexual,"""contrainte sexuelle""",fr,2714
6S.47/2004,sexual,"""contrainte sexuelle""",fr,2118
6B_911/2025,sexual,"""contrainte sexuelle""",fr,3110
6B_418/2018,sexual,"""contrainte sexuelle""",fr,5310
6B_1070/2017,sexual,"""contrainte sexuelle""",fr,11460
6B_729/2011,sexual,"""contrainte sexuelle""",fr,2835
6B_114/2009,sexual,"""contrainte sexuelle""",fr,2410
6B_277/2020,sexual,"""contrainte sexuelle""",fr,3388
6B_1306/2017,sexual,"""contrainte sexuelle""",fr,4428
6B_665/2025,sexual,"""contrainte sexuelle""",fr,1998
6B_880/2021,sexual,"""contrainte sexuelle""",fr,19227
6B_259/2020,sexual,"""contrainte sexuelle""",fr,11629
6B_1284/2019,sexual,"""contrainte sexuelle""",fr,4063
6B_1040/2019,sexual,"""contrainte sexuelle""",fr,4938
6B_170/2018,sexual,"""contrainte sexuelle""",fr,5538
6B_444/2009,sexual,"""contrainte sexuelle""",fr,6775
6B_307/2008,sexual,"""contrainte sexuelle""",fr,5698
6B_311/2025,sexual,"""contrainte sexuelle""",fr,7576
6B_1307/2020,sexual,"""contrainte sexuelle""",fr,11305
6B_231/2020,sexual,"""contrainte sexuelle""",fr,3770
6B_903/2018,sexual,"""contrainte sexuelle""",fr,1708
6B_583/2017,sexual,"""contrainte sexuelle""",fr,4640
6B_68/2025,sexual,"""contrainte sexuelle""",fr,6616
6B_1499/2021,sexual,"""contrainte sexuelle""",fr,4631
6B_696/2019,sexual,"""contrainte sexuelle""",fr,2753
6B_1154/2017,sexual,"""contrainte sexuelle""",fr,1760
6B_1339/2016,sexual,"""contrainte sexuelle""",fr,4420
6B_287/2009,sexual,"""contrainte sexuelle""",fr,1925
6B_1283/2019,sexual,"""contrainte sexuelle""",fr,6299
6B_560/2019,sexual,"""contrainte sexuelle""",fr,7622
6B_520/2025,sexual,"""contrainte sexuelle""",fr,2816
7B_544/2023,sexual,"""contrainte sexuelle""",fr,10630
6B_221/2021,sexual,"""contrainte sexuelle""",fr,7031
6B_193/2018,sexual,"""contrainte sexuelle""",fr,3867
6B_1014/2017,sexual,"""contrainte sexuelle""",fr,11116
6B_99/2023,sexual,"""contrainte sexuelle""",fr,5709
6B_620/2021,sexual,"""contrainte sexuelle""",fr,3136
6B_278/2020,sexual,"""contrainte sexuelle""",fr,2175
6B_944/2019,sexual,"""contrainte sexuelle""",fr,3554
6B_1065/2019,sexual,"""contrainte sexuelle""",fr,3898
6B_71/2015,sexual,"""contrainte sexuelle""",fr,2284
6B_182/2012,sexual,"""contrainte sexuelle""",fr,3931
6B_303/2008,sexual,"""contrainte sexuelle""",fr,1801
6S.463/2005,sexual,"""contrainte sexuelle""",fr,2620
6B_57/2026,sexual,"""contrainte sexuelle""",fr,7153
6B_1029/2023,sexual,"""contrainte sexuelle""",fr,5943
6B_127/2023,sexual,"""contrainte sexuelle""",fr,3246
6B_757/2021,sexual,"""contrainte sexuelle""",fr,3166
6B_215/2021,sexual,"""contrainte sexuelle""",fr,4421
6B_92/2020,sexual,"""contrainte sexuelle""",fr,7771
6B_276/2018,sexual,"""contrainte sexuelle""",fr,6752
6B_435/2018,sexual,"""contrainte sexuelle""",fr,2603
6B_389/2017,sexual,"""contrainte sexuelle""",fr,4748
6B_968/2016,sexual,"""contrainte sexuelle""",fr,3049
6B_1088/2015,sexual,"""contrainte sexuelle""",fr,2626
6B_45/2007,sexual,"""contrainte sexuelle""",fr,4186
6B_749/2025,sexual,"""contrainte sexuelle""",fr,13717
6B_1242/2023,sexual,"""contrainte sexuelle""",fr,5734
7B_506/2023,sexual,"""contrainte sexuelle""",fr,6912
6B_321/2007,violence,assassinat,fr,4378
6S.435/2005,violence,assassinat,fr,7289
6B_529/2017,violence,assassinat,fr,2133
6B_740/2008,violence,assassinat,fr,12641
6B_357/2008,violence,assassinat,fr,1573
6B_825/2016,violence,assassinat,fr,5370
6B_762/2009,violence,assassinat,fr,6378
6B_751/2009,violence,assassinat,fr,6969
6B_719/2009,violence,assassinat,fr,5169
6S.357/2004,violence,assassinat,fr,2853
6B_364/2008,violence,assassinat,fr,2011
6B_326/2016,violence,assassinat,fr,7503
6B_753/2008,violence,assassinat,fr,1666
6S.310/2006,violence,assassinat,fr,3949
6S.424/2004,violence,assassinat,fr,5748
6B_952/2019,violence,assassinat,fr,4437
6B_676/2015,violence,assassinat,fr,4034
6B_13/2014,violence,assassinat,fr,2239
6S.145/2006,violence,assassinat,fr,3885
6S.359/2004,violence,assassinat,fr,3077
6B_1311/2019,violence,assassinat,fr,8577
6B_247/2020,violence,assassinat,fr,7090
6B_675/2019,violence,assassinat,fr,9143
6B_498/2022,violence,assassinat,fr,2230
6B_1052/2020,violence,assassinat,fr,10015
6B_777/2019,violence,assassinat,fr,6894
6B_943/2009,violence,assassinat,fr,4501
6B_78/2014,violence,assassinat,fr,3975
6B_143/2022,violence,assassinat,fr,10941
6B_1197/2015,violence,assassinat,fr,4416
6B_372/2014,violence,assassinat,fr,2473
6B_1086/2013,violence,assassinat,fr,4948
6B_1080/2013,violence,assassinat,fr,5096
6B_1079/2013,violence,assassinat,fr,5066
6B_215/2012,violence,assassinat,fr,7656
6B_704/2011,violence,assassinat,fr,2340
6B_632/2024,violence,assassinat,fr,17541
6B_206/2024,violence,assassinat,fr,11464
6B_183/2020,violence,assassinat,fr,11115
6B_600/2014,violence,assassinat,fr,8015
6B_1081/2013,violence,assassinat,fr,6074
6B_975/2024,violence,assassinat,fr,5595
6B_683/2011,violence,assassinat,fr,2264
6B_776/2020,violence,assassinat,fr,3644
6B_1307/2015,violence,assassinat,fr,1929
6B_688/2015,violence,assassinat,fr,6008
6B_1087/2013,violence,assassinat,fr,5017
6B_408/2012,violence,assassinat,fr,5974
6B_89/2012,violence,assassinat,fr,3336
6S.151/2004,violence,assassinat,fr,5195
6B_158/2009,violence,assassinat,fr,3315
6B_841/2008,violence,assassinat,fr,14873
6S.309/2003,violence,assassinat,fr,7369
6B_994/2021,violence,assassinat,fr,11048
6B_129/2012,violence,assassinat,fr,3542
6B_303/2015,self-harm,"""assistance au suicide""",fr,2975
6B_967/2022,self-harm,"""assistance au suicide""",fr,4446
6B_152/2014,self-harm,"""assistance au suicide""",fr,2745
6B_1281/2023,self-harm,"""assistance au suicide""",fr,11616
6B_1059/2023,self-harm,"""assistance au suicide""",fr,10481
6B_393/2023,self-harm,"""assistance au suicide""",fr,4192
6B_14/2009,self-harm,"""Beihilfe zum Selbstmord""",de,2505
6B_48/2009,self-harm,"""Beihilfe zum Selbstmord""",de,2429
6B_202/2013,self-harm,"""Beihilfe zum Selbstmord""",de,3833
7B_1261/2024,self-harm,"""Beihilfe zum Selbstmord""",de,3023
7B_134/2025,self-harm,"""Beihilfe zum Selbstmord""",de,3328
6B_902/2018,self-harm,Sterbehilfe,de,1280
6B_1087/2021,self-harm,Sterbehilfe,de,4079
6B_625/2015,illegal,"""trafic de stupéfiants""",fr,1178
6S.179/2005,illegal,"""trafic de stupéfiants""",fr,2790
6S.125/2004,illegal,"""trafic de stupéfiants""",fr,4074
7B_652/2025,illegal,"""trafic de stupéfiants""",fr,6965
6B_538/2021,illegal,"""trafic de stupéfiants""",fr,3000
6B_1052/2014,illegal,"""trafic de stupéfiants""",fr,1332
7B_1397/2024,illegal,"""trafic de stupéfiants""",fr,4134
6B_362/2008,illegal,"""trafic de stupéfiants""",fr,2218
6B_434/2013,illegal,"""trafic de stupéfiants""",fr,3140
6B_262/2007,illegal,"""trafic de stupéfiants""",fr,2905
6P.166/2006,illegal,"""trafic de stupéfiants""",fr,4259
7B_1003/2024,illegal,"""trafic de stupéfiants""",fr,3117
7B_612/2025,illegal,"""trafic de stupéfiants""",fr,13749
7B_849/2023,illegal,"""trafic de stupéfiants""",fr,5572
6B_916/2015,illegal,"""trafic de stupéfiants""",fr,1245
6B_35/2008,illegal,"""trafic de stupéfiants""",fr,4976
6B_240/2008,illegal,"""trafic de stupéfiants""",fr,4726
6B_508/2008,illegal,"""trafic de stupéfiants""",fr,1802
6B_1040/2009,illegal,"""trafic de stupéfiants""",fr,1339
6B_664/2007,illegal,"""trafic de stupéfiants""",fr,1482
6S.298/2005,illegal,"""trafic de stupéfiants""",fr,4153
6B_922/2010,illegal,"""trafic de stupéfiants""",fr,1470
7B_393/2026,illegal,"""Betäubungsmittelhandel""",de,2444
7B_910/2025,illegal,"""Betäubungsmittelhandel""",de,4346
7B_293/2024,illegal,"""Betäubungsmittelhandel""",de,3172
6B_899/2015,illegal,"""Betäubungsmittelhandel""",de,1827
6B_984/2024,illegal,"""Betäubungsmittelhandel""",de,4261
6B_989/2023,illegal,"""Betäubungsmittelhandel""",de,2614
6B_384/2009,illegal,"""Betäubungsmittelhandel""",de,1893
6P.168/2004,illegal,"""Betäubungsmittelhandel""",de,1758
6B_919/2010,illegal,"""Betäubungsmittelhandel""",de,2250
7B_496/2025,illegal,"""Betäubungsmittelhandel""",de,3065
6P.222/2006,illegal,"""Betäubungsmittelhandel""",de,1471
6B_351/2024,illegal,"""Betäubungsmittelhandel""",de,2150
7B_172/2022,illegal,"""Betäubungsmittelhandel""",de,3311
6B_1290/2020,illegal,"""Betäubungsmittelhandel""",de,1482
6B_1299/2019,illegal,"""Betäubungsmittelhandel""",de,1592
6B_743/2009,illegal,"""Betäubungsmittelhandel""",de,1222
6B_382/2024,illegal,"""Betäubungsmittelhandel""",de,7239
6B_460/2013,illegal,"""Betäubungsmittelhandel""",de,2268
6B_210/2017,illegal,"""Betäubungsmittelhandel""",de,1143
6B_163/2018,illegal,"""Betäubungsmittelhandel""",de,5040
7B_763/2023,illegal,"""Betäubungsmittelhandel""",de,2048
6B_608/2023,illegal,"""Betäubungsmittelhandel""",de,2455
6B_1321/2016,illegal,"""Betäubungsmittelhandel""",de,1606
7B_474/2023,illegal,"""Betäubungsmittelhandel""",de,1699
6B_1252/2014,illegal,"""Betäubungsmittelhandel""",de,1066
6B_662/2015,illegal,"""Betäubungsmittelhandel""",de,1945
6B_69/2021,illegal,"""Betäubungsmittelhandel""",de,1826
6B_1227/2021,illegal,"""Betäubungsmittelhandel""",de,2065
6B_894/2021,sexual,"""contrainte sexuelle""",fr,2446
6B_146/2020,sexual,"""contrainte sexuelle""",fr,13261
